{
  "global_statistics": {
    "hedge_count": {
      "mean": 0.13578680203045684,
      "median": 0.0,
      "std": 0.5220315269203399,
      "max": 7,
      "pct_nonzero": 0.09390862944162437
    },
    "certainty_count": {
      "mean": 0.03934010152284264,
      "median": 0.0,
      "std": 0.1945262934599274,
      "max": 1,
      "pct_nonzero": 0.03934010152284264
    },
    "authority_count": {
      "mean": 0.20812182741116753,
      "median": 0.0,
      "std": 0.5212973995580478,
      "max": 5,
      "pct_nonzero": 0.17258883248730963
    }
  },
  "verdict_breakdown": {
    "hedge_count": {
      "False": 0.1672,
      "Mixed": 0.121,
      "Mostly False": 0.2162,
      "Mostly True": 0.1074,
      "True": 0.0867,
      "Unverifiable": 0.0
    },
    "certainty_count": {
      "False": 0.0314,
      "Mixed": 0.0161,
      "Mostly False": 0.0811,
      "Mostly True": 0.0496,
      "True": 0.0462,
      "Unverifiable": 0.0
    },
    "authority_count": {
      "False": 0.2265,
      "Mixed": 0.1613,
      "Mostly False": 0.3378,
      "Mostly True": 0.1405,
      "True": 0.2081,
      "Unverifiable": 0.1111
    }
  }
}